timestamp_us,x_m,y_m,z_m,arming_state,nav_state,failsafe,phase
1757526913809470,0.000,0.000,0.000,0,0,0,Prime
1757526913910503,0.000,0.000,0.000,0,0,0,Prime
1757526914011469,0.000,0.000,0.000,0,0,0,Prime
1757526914115419,0.000,0.000,0.000,0,0,0,Prime
1757526914216230,0.000,0.000,0.000,0,0,0,Prime
1757526914317109,0.000,0.000,0.000,0,0,0,Prime
1757526914417944,0.000,0.000,0.000,0,0,0,Prime
1757526914520004,0.000,0.000,0.000,0,0,0,WaitPose
1757526914620801,0.000,0.000,0.000,0,0,0,WaitPose
1757526914721746,0.000,0.000,0.000,0,0,0,WaitPose
1757526914822666,0.000,0.000,0.000,0,0,0,WaitPose
1757526914923598,0.000,0.000,0.000,0,0,0,WaitPose
1757526915024550,0.000,0.000,0.000,0,0,0,WaitPose
1757526915125523,0.000,0.000,0.000,0,0,0,WaitPose
1757526915228474,0.000,0.000,0.000,0,0,0,WaitPose
1757526915329572,0.000,0.000,0.000,0,0,0,WaitPose
1757526915430384,0.000,0.000,0.000,0,0,0,WaitPose
1757526915531289,0.000,0.000,0.000,0,0,0,WaitPose
1757526915632174,0.000,0.000,0.000,0,0,0,WaitPose
1757526915733022,0.000,0.000,0.000,0,0,0,WaitPose
1757526915834054,0.000,0.000,0.000,0,0,0,WaitPose
1757526915935055,0.000,0.000,0.000,0,0,0,WaitPose
1757526916036106,0.000,0.000,0.000,0,0,0,WaitPose
1757526916137140,0.000,0.000,0.000,0,0,0,WaitPose
1757526916238059,0.000,0.000,0.000,0,0,0,WaitPose
1757526916341071,0.000,0.000,0.000,0,0,0,WaitPose
1757526916441851,0.000,0.000,0.000,0,0,0,WaitPose
1757526916542685,0.000,0.000,0.000,0,0,0,WaitPose
1757526916643698,0.000,0.000,0.000,0,0,0,WaitPose
1757526916744459,0.000,0.000,0.000,0,0,0,WaitPose
1757526916845233,0.000,0.000,0.000,0,0,0,WaitPose
1757526916946172,0.000,0.000,0.000,0,0,0,WaitPose
1757526917046890,0.000,0.000,0.000,0,0,0,WaitPose
1757526917147864,0.000,0.000,0.000,0,0,0,WaitPose
1757526917249104,0.000,0.000,0.000,0,0,0,WaitPose
1757526917349930,0.000,0.000,0.000,0,0,0,WaitPose
1757526917450693,0.000,0.000,0.000,0,0,0,WaitPose
1757526917551543,0.000,0.000,0.000,0,0,0,WaitPose
1757526917652300,0.000,0.000,0.000,0,0,0,WaitPose
1757526917753242,0.000,0.000,0.000,0,0,0,WaitPose
1757526917853970,0.000,0.000,0.000,0,0,0,WaitPose
1757526917955236,0.000,0.000,0.000,0,0,0,WaitPose
1757526918056234,0.000,0.000,0.000,0,0,0,WaitPose
1757526918157087,0.000,0.000,0.000,0,0,0,WaitPose
1757526918258105,0.000,0.000,0.000,0,0,0,WaitPose
1757526918358923,0.000,0.000,0.000,0,0,0,WaitPose
1757526918459826,0.000,0.000,0.000,0,0,0,WaitPose
1757526918560706,0.000,0.000,0.000,0,0,0,WaitPose
1757526918661504,0.000,0.000,0.000,0,0,0,WaitPose
1757526918762323,0.000,0.000,0.000,0,0,0,WaitPose
1757526918863200,0.000,0.000,0.000,0,0,0,WaitPose
1757526918964089,0.000,0.000,0.000,0,0,0,WaitPose
1757526919066824,0.000,0.000,0.000,0,0,0,WaitPose
1757526919167732,0.000,0.000,0.000,0,0,0,WaitPose
1757526919268650,0.000,0.000,0.000,0,0,0,WaitPose
1757526919369511,0.000,0.000,0.000,0,0,0,WaitPose
1757526919470720,0.000,0.000,0.000,0,0,0,WaitPose
1757526919571765,0.000,0.000,0.000,0,0,0,WaitPose
1757526919673435,0.000,0.000,0.000,0,0,0,WaitPose
1757526919774348,0.000,0.000,0.000,0,0,0,WaitPose
1757526919875676,0.000,0.000,0.000,0,0,0,WaitPose
1757526919976839,0.000,0.000,0.000,0,0,0,WaitPose
1757526920077811,0.000,0.000,0.000,0,0,0,WaitPose
1757526920178692,0.000,0.000,0.000,0,0,0,WaitPose
1757526920279832,0.000,0.000,0.000,0,0,0,WaitPose
1757526920380587,0.000,0.000,0.000,0,0,0,WaitPose
1757526920481830,0.000,0.000,0.000,0,0,0,WaitPose
1757526920583833,0.000,0.000,0.000,0,0,0,WaitPose
1757526920684550,0.000,0.000,0.000,0,0,0,WaitPose
1757526920785323,0.000,0.000,0.000,0,0,0,WaitPose
1757526920886339,0.000,0.000,0.000,0,0,0,WaitPose
1757526920987128,0.000,0.000,0.000,0,0,0,WaitPose
1757526921088052,0.000,0.000,0.000,0,0,0,WaitPose
1757526921189300,0.000,0.000,0.000,0,0,0,WaitPose
1757526921290252,0.000,0.000,0.000,0,0,0,WaitPose
1757526921391114,0.000,0.000,0.000,0,0,0,WaitPose
1757526921492250,0.000,0.000,0.000,0,0,0,WaitPose
1757526921593022,0.000,0.000,0.000,0,0,0,WaitPose
1757526921693867,0.000,0.000,0.000,0,0,0,WaitPose
1757526921794689,0.000,0.000,0.000,0,0,0,WaitPose
1757526921895414,0.000,0.000,0.000,0,0,0,WaitPose
1757526921996257,0.000,0.000,0.000,0,0,0,WaitPose
1757526922097720,0.000,0.000,0.000,0,0,0,WaitPose
1757526922198524,0.000,0.000,0.000,0,0,0,WaitPose
1757526922299350,0.000,0.000,0.000,0,0,0,WaitPose
1757526922400110,0.000,0.000,0.000,0,0,0,WaitPose
1757526922501003,0.000,0.000,0.000,0,0,0,WaitPose
1757526922601808,0.000,0.000,0.000,0,0,0,WaitPose
1757526922702697,0.000,0.000,0.000,0,0,0,WaitPose
1757526922803646,0.000,0.000,0.000,0,0,0,WaitPose
1757526922904626,0.000,0.000,0.000,0,0,0,WaitPose
1757526923005703,0.000,0.000,0.000,0,0,0,WaitPose
1757526923106537,0.000,0.000,0.000,0,0,0,WaitPose
1757526923207295,0.000,0.000,0.000,0,0,0,WaitPose
1757526923308255,0.000,0.000,0.000,0,0,0,WaitPose
1757526923409421,0.000,0.000,0.000,0,0,0,WaitPose
1757526923510192,0.000,0.000,0.000,0,0,0,WaitPose
1757526923611202,0.000,0.000,0.000,0,0,0,WaitPose
1757526923712220,0.000,0.000,0.000,0,0,0,WaitPose
1757526923813281,0.000,0.000,0.000,0,0,0,WaitPose
1757526923914107,0.000,0.000,0.000,0,0,0,WaitPose
1757526924015437,0.000,0.000,0.000,0,0,0,WaitPose
1757526924116390,0.000,0.000,0.000,0,0,0,WaitPose
1757526924217393,0.000,0.000,0.000,0,0,0,WaitPose
1757526924318290,0.000,0.000,0.000,0,0,0,WaitPose
1757526924419337,0.000,0.000,0.000,0,0,0,WaitPose
1757526924520253,0.000,0.000,0.000,0,0,0,WaitPose
1757526924621120,0.000,0.000,0.000,0,0,0,WaitPose
1757526924721926,0.000,0.000,0.000,0,0,0,WaitPose
1757526924823110,0.000,0.000,0.000,0,0,0,WaitPose
1757526924923839,0.000,0.000,0.000,0,0,0,WaitPose
1757526925024586,0.000,0.000,0.000,0,0,0,WaitPose
1757526925127046,0.000,0.000,0.000,0,0,0,WaitPose
1757526925227976,0.000,0.000,0.000,0,0,0,WaitPose
1757526925328865,0.000,0.000,0.000,0,0,0,WaitPose
1757526925430023,0.000,0.000,0.000,0,0,0,WaitPose
1757526925530809,0.000,0.000,0.000,0,0,0,WaitPose
1757526925631597,0.000,0.000,0.000,0,0,0,WaitPose
1757526925732573,0.000,0.000,0.000,0,0,0,WaitPose
1757526925833438,0.000,0.000,0.000,0,0,0,WaitPose
1757526925934330,0.000,0.000,0.000,0,0,0,WaitPose
1757526926035270,0.000,0.000,0.000,0,0,0,WaitPose
1757526926136252,0.000,0.000,0.000,0,0,0,WaitPose
1757526926237748,0.000,0.000,0.000,0,0,0,WaitPose
1757526926338885,0.000,0.000,0.000,0,0,0,WaitPose
1757526926439916,0.000,0.000,0.000,0,0,0,WaitPose
1757526926540842,0.000,0.000,0.000,0,0,0,WaitPose
1757526926641647,0.000,0.000,0.000,0,0,0,WaitPose
1757526926742525,0.000,0.000,0.000,0,0,0,WaitPose
1757526926843374,0.000,0.000,0.000,0,0,0,WaitPose
1757526926944285,0.000,0.000,0.000,0,0,0,WaitPose
1757526927044972,0.000,0.000,0.000,0,0,0,WaitPose
1757526927145827,0.000,0.000,0.000,0,0,0,WaitPose
1757526927246559,0.000,0.000,0.000,0,0,0,WaitPose
1757526927347493,0.000,0.000,0.000,0,0,0,WaitPose
1757526927450268,0.000,0.000,0.000,0,0,0,WaitPose
1757526927551079,0.000,0.000,0.000,0,0,0,WaitPose
1757526927652012,0.000,0.000,0.000,0,0,0,WaitPose
1757526927752929,0.000,0.000,0.000,0,0,0,WaitPose
1757526927854285,0.000,0.000,0.000,0,0,0,WaitPose
1757526927956941,0.000,0.000,0.000,0,0,0,WaitPose
1757526928058305,0.000,0.000,0.000,0,0,0,WaitPose
1757526928159203,0.000,0.000,0.000,0,0,0,WaitPose
1757526928260144,0.000,0.000,0.000,0,0,0,WaitPose
1757526928361470,0.000,0.000,0.000,0,0,0,WaitPose
1757526928462345,0.000,0.000,0.000,0,0,0,WaitPose
1757526928563294,0.000,0.000,0.000,0,0,0,WaitPose
1757526928664347,0.000,0.000,0.000,0,0,0,WaitPose
1757526928765192,0.000,0.000,0.000,0,0,0,WaitPose
1757526928866073,0.000,0.000,0.000,0,0,0,WaitPose
1757526928966836,0.000,0.000,0.000,0,0,0,WaitPose
1757526929067627,0.000,0.000,0.000,0,0,0,WaitPose
1757526929168522,0.000,0.000,0.000,0,0,0,WaitPose
1757526929269423,0.000,0.000,0.000,0,0,0,WaitPose
1757526929370402,0.000,0.000,0.000,0,0,0,WaitPose
1757526929471446,0.000,0.000,0.000,0,0,0,WaitPose
1757526929572264,0.000,0.000,0.000,0,0,0,FailsafeLand
1757526929675402,0.000,0.000,0.000,0,0,0,FailsafeLand
1757526929776492,0.000,0.000,0.000,0,0,0,FailsafeLand
1757526929877324,0.000,0.000,0.000,0,0,0,FailsafeLand
1757526929978165,0.000,0.000,0.000,0,0,0,FailsafeLand
1757526930079901,0.000,0.000,0.000,0,0,0,FailsafeLand
1757526930181370,0.000,0.000,0.000,0,0,0,FailsafeLand
1757526930282264,0.000,0.000,0.000,0,0,0,FailsafeLand
1757526930383242,0.000,0.000,0.000,0,0,0,FailsafeLand
1757526930484088,0.000,0.000,0.000,0,0,0,FailsafeLand
1757526930584974,0.000,0.000,0.000,0,0,0,FailsafeLand
1757526930685954,0.000,0.000,0.000,0,0,0,FailsafeLand
1757526930786923,0.000,0.000,0.000,0,0,0,FailsafeLand
1757526930887855,0.000,0.000,0.000,0,0,0,FailsafeLand
1757526930988732,0.000,0.000,0.000,0,0,0,FailsafeLand
1757526931089547,0.000,0.000,0.000,0,0,0,FailsafeLand
1757526931190514,0.000,0.000,0.000,0,0,0,FailsafeLand
1757526931286953,0.000,0.000,0.000,0,0,0,FailsafeLand
1757526931387874,0.000,0.000,0.000,0,0,0,FailsafeLand
1757526931488892,0.000,0.000,0.000,0,0,0,FailsafeLand
1757526931589857,0.000,0.000,0.000,0,0,0,FailsafeLand
1757526931690972,0.000,0.000,0.000,0,0,0,FailsafeLand
1757526931791923,0.000,0.000,0.000,0,0,0,FailsafeLand
1757526931892820,0.000,0.000,0.000,0,0,0,FailsafeLand
1757526931994123,0.000,0.000,0.000,0,0,0,FailsafeLand
1757526932095226,0.000,0.000,0.000,0,0,0,FailsafeLand
1757526932196235,0.000,0.000,0.000,0,0,0,FailsafeLand
1757526932297175,0.000,0.000,0.000,0,0,0,FailsafeLand
1757526932398137,0.000,0.000,0.000,0,0,0,FailsafeLand
1757526932500959,0.000,0.000,0.000,0,0,0,FailsafeLand
1757526932602045,0.000,0.000,0.000,0,0,0,FailsafeLand
1757526932703048,0.000,0.000,0.000,0,0,0,FailsafeLand
1757526932803978,0.000,0.000,0.000,0,0,0,FailsafeLand
1757526932905069,0.000,0.000,0.000,0,0,0,FailsafeLand
1757526933006119,0.000,0.000,0.000,0,0,0,FailsafeLand
1757526933106981,0.000,0.000,0.000,0,0,0,FailsafeLand
1757526933208852,0.000,0.000,0.000,0,0,0,FailsafeLand
1757526933309804,0.000,0.000,0.000,0,0,0,FailsafeLand
1757526933411016,0.000,0.000,0.000,0,0,0,FailsafeLand
1757526933514865,0.000,0.000,0.000,0,0,0,FailsafeLand
1757526933616438,0.000,0.000,0.000,0,0,0,FailsafeLand
1757526933717725,0.000,0.000,0.000,0,0,0,FailsafeLand
1757526933821722,0.000,0.000,0.000,0,0,0,FailsafeLand
1757526933923075,0.000,0.000,0.000,0,0,0,FailsafeLand
1757526934024034,0.000,0.000,0.000,0,0,0,FailsafeLand
1757526934126755,0.000,0.000,0.000,0,0,0,FailsafeLand
1757526934227701,0.000,0.000,0.000,0,0,0,FailsafeLand
1757526934328566,0.000,0.000,0.000,0,0,0,FailsafeLand
1757526934429614,0.000,0.000,0.000,0,0,0,FailsafeLand
